,cell_numbers,totalVI_inference_time,scVI_inference_time
0,1200,115.55385231971741,49.55893540382385
1,2400,176.951993227005,75.9759693145752
2,4800,338.9207570552826,195.00597596168518
3,9600,655.2552044391632,411.9170353412628
4,19200,1344.424823999405,833.45077085495
5,32648,2325.484097957611,1375.5744605064392
