,cell_numbers,totalVI_inference_time,totalVI_inference_time_100_dim,scVI_inference_time
0,1200,98.54412961006165,100.90074682235718,56.80315971374512
1,2400,186.92038941383362,173.12389159202576,63.02236771583557
2,4800,347.10608410835266,329.604749917984,208.64208459854126
3,9600,683.0562398433685,691.1893889904022,417.7621657848358
4,19200,1387.5017127990723,1415.1107733249664,836.0041916370392
5,32648,2382.539794921875,2398.8790180683136,1387.9234545230865
